__SVJCKHsex,__SVJCKHxvar,__SVJCKHl,__SVJCKHm,__SVJCKHs
1,.03832991,.41769999,13.6377,.09454
1,.057494868,.34490001,14.2241,.092299998
1,.076659821,.2881,14.7714,.090719998
1,.083333336,.27079999,14.9441,.090269998
1,.095824778,.24089999,15.2355,.089529999
1,.11498974,.20029999,15.6107,.088590004
1,.13415469,.1645,15.9169,.087820001
1,.15331964,.13240001,16.1698,.087169997
1,.16666667,.1118,16.3195,.086769998
1,.17248461,.1032,16.3787,.086609997
1,.19164956,.0766,16.5494,.086120002
1,.21081451,.052000001,16.6882,.085689999
1,.22997947,.029100001,16.8016,.085309997
1,.24914442,.0077,16.895,.084959999
1,.25,.0068000001,16.898701,.08495
1,.33333334,-.072700001,17.1579,.083779998
1,.41666666,-.13699999,17.291901,.082960002
1,.5,-.1913,17.342199,.082340002
1,.58333331,-.2385,17.3288,.081830002
1,.66666669,-.2802,17.2647,.0814
1,.75,-.31760001,17.166201,.081019998
1,.83333331,-.35159999,17.0488,.080679998
1,.91666669,-.38280001,16.923901,.080370001
1,1,-.41150001,16.7981,.080090001
1,1.0833334,-.4382,16.674299,.07982
1,1.1666666,-.463,16.5548,.079580002
1,1.25,-.48629999,16.440901,.079350002
1,1.3333334,-.50819999,16.3335,.079130001
1,1.4166666,-.52890003,16.232901,.078919999
1,1.5,-.54839998,16.1392,.078730002
1,1.5833334,-.56690001,16.052799,.078539997
1,1.6666666,-.58459997,15.9743,.078359999
1,1.75,-.60140002,15.9039,.07818
1,1.8333334,-.61739999,15.8412,.078019999
1,1.9166666,-.63279998,15.7852,.077859998
1,2,-.6473,15.7356,.077710003
1,2,-.61870003,16.0189,.077849999
1,2.0833333,-.58399999,15.98,.077919997
1,2.1666667,-.54970002,15.9414,.078000002
1,2.25,-.51660001,15.9036,.078079998
1,2.3333333,-.48500001,15.8667,.07818
1,2.4166667,-.45519999,15.8306,.078290001
1,2.5,-.42739999,15.7953,.07841
1,2.5833333,-.4016,15.7606,.078539997
1,2.6666667,-.37819999,15.7267,.078670003
1,2.75,-.3572,15.6934,.078819998
1,2.8333333,-.33880001,15.661,.07897
1,2.9166667,-.3231,15.6294,.07914
1,3,-.31009999,15.5988,.07931
1,3.0833333,-.30000001,15.5693,.079499997
1,3.1666667,-.29269999,15.541,.079690002
1,3.25,-.28839999,15.514,.079899997
1,3.3333333,-.28690001,15.4885,.080119997
1,3.4166667,-.2881,15.4645,.080360003
1,3.5,-.29190001,15.442,.08061
1,3.5833333,-.29809999,15.421,.080870003
1,3.6666667,-.30669999,15.4013,.081150003
1,3.75,-.31740001,15.3827,.081440002
1,3.8333333,-.3303,15.3652,.081739999
1,3.9166667,-.3452,15.3485,.082050003
1,4,-.36219999,15.3326,.082379997
1,4,-1.291,15.752,.076839998
1,4.0830002,-1.309,15.727,.076870002
1,4.1669998,-1.325,15.704,.076920003
1,4.25,-1.342,15.682,.077
1,4.3330002,-1.359,15.662,.077090003
1,4.4169998,-1.375,15.644,.077200003
1,4.5,-1.391,15.626,.077330001
1,4.5830002,-1.4069999,15.61,.077480003
1,4.6669998,-1.4220001,15.595,.077650003
1,4.75,-1.437,15.582,.07784
1,4.8330002,-1.452,15.569,.078060001
1,4.9169998,-1.467,15.557,.078290001
1,5,-1.4809999,15.547,.078560002
1,5.0830002,-1.495,15.538,.078840002
1,5.1669998,-1.5089999,15.53,.079149999
1,5.25,-1.523,15.523,.07948
1,5.3330002,-1.536,15.517,.079829998
1,5.4169998,-1.549,15.511,.080200002
1,5.5,-1.562,15.507,.080590002
1,5.5830002,-1.575,15.503,.081
1,5.6669998,-1.587,15.5,.081430003
1,5.75,-1.599,15.498,.081890002
1,5.8330002,-1.6109999,15.497,.082350001
1,5.9169998,-1.622,15.497,.082840003
1,6,-1.6339999,15.498,.083339997
1,6.0830002,-1.6440001,15.499,.083860002
1,6.1669998,-1.655,15.501,.08439
1,6.25,-1.665,15.503,.084940001
1,6.3330002,-1.675,15.507,.085490003
1,6.4169998,-1.6849999,15.511,.086060002
1,6.5,-1.694,15.516,.086630002
1,6.5830002,-1.704,15.522,.087219998
1,6.6669998,-1.7130001,15.529,.087810002
1,6.75,-1.721,15.536,.088409998
1,6.8330002,-1.73,15.545,.08901
1,6.9169998,-1.738,15.554,.089620002
1,7,-1.745,15.564,.090230003
1,7.0830002,-1.753,15.575,.090839997
1,7.1669998,-1.76,15.587,.091449998
1,7.25,-1.767,15.6,.092069998
1,7.3330002,-1.774,15.614,.09268
1,7.4169998,-1.781,15.628,.0933
1,7.5,-1.7869999,15.643,.093910001
1,7.5830002,-1.793,15.659,.094509996
1,7.6669998,-1.798,15.675,.095119998
1,7.75,-1.804,15.692,.095720001
1,7.8330002,-1.809,15.71,.096320003
1,7.9169998,-1.814,15.729,.09691
1,8,-1.818,15.748,.097489998
1,8.0830002,-1.823,15.768,.098070003
1,8.1669998,-1.827,15.789,.098640002
1,8.25,-1.83,15.81,.099200003
1,8.3330002,-1.834,15.833,.099760003
1,8.4169998,-1.837,15.855,.1003
1,8.5,-1.84,15.88,.10084
1,8.5830002,-1.8430001,15.904,.10137
1,8.6669998,-1.846,15.929,.10189
1,8.75,-1.848,15.955,.1024
1,8.8330002,-1.85,15.982,.1029
1,8.9169998,-1.852,16.009001,.1034
1,9,-1.854,16.037001,.10388
1,9.0830002,-1.855,16.066,.10435
1,9.1669998,-1.8559999,16.094999,.10482
1,9.25,-1.857,16.125,.10527
1,9.3330002,-1.858,16.155001,.10571
1,9.4169998,-1.858,16.187,.10615
1,9.5,-1.859,16.219,.10657
1,9.5830002,-1.859,16.250999,.10698
1,9.6669998,-1.859,16.284,.10738
1,9.75,-1.859,16.318001,.10777
1,9.8330002,-1.859,16.351999,.10815
1,9.9169998,-1.858,16.386999,.10852
1,10,-1.857,16.423,.10888
1,10.083,-1.8559999,16.459,.10923
1,10.167,-1.855,16.496,.10957
1,10.25,-1.854,16.533001,.1099
1,10.333,-1.853,16.57,.11022
1,10.417,-1.851,16.608999,.11054
1,10.5,-1.85,16.648001,.11084
1,10.583,-1.848,16.687,.11114
1,10.667,-1.846,16.726999,.11143
1,10.75,-1.844,16.768,.1117
1,10.833,-1.842,16.808001,.11197
1,10.917,-1.839,16.85,.11223
1,11,-1.837,16.892,.11249
1,11.083,-1.834,16.934999,.11273
1,11.167,-1.831,16.976999,.11296
1,11.25,-1.829,17.02,.11319
1,11.333,-1.826,17.065001,.11341
1,11.417,-1.823,17.108,.11362
1,11.5,-1.819,17.153999,.11382
1,11.583,-1.816,17.198999,.11402
1,11.667,-1.813,17.243999,.1142
1,11.75,-1.809,17.291,.11438
1,11.833,-1.806,17.337999,.11456
1,11.917,-1.802,17.386,.11472
1,12,-1.799,17.433001,.11488
1,12.083,-1.795,17.481001,.11503
1,12.167,-1.791,17.530001,.11517
1,12.25,-1.7869999,17.579,.11532
1,12.333,-1.783,17.629,.11545
1,12.417,-1.78,17.679001,.11558
1,12.5,-1.776,17.729,.1157
1,12.583,-1.771,17.778999,.11581
1,12.667,-1.767,17.83,.11592
1,12.75,-1.763,17.881001,.11603
1,12.833,-1.7589999,17.933001,.11613
1,12.917,-1.755,17.985001,.11622
1,13,-1.75,18.037001,.11631
1,13.083,-1.7460001,18.089001,.11639
1,13.167,-1.742,18.142,.11647
1,13.25,-1.738,18.194,.11655
1,13.333,-1.733,18.247,.11662
1,13.417,-1.729,18.299999,.11668
1,13.5,-1.724,18.354,.11674
1,13.583,-1.72,18.407,.1168
1,13.667,-1.715,18.459999,.11685
1,13.75,-1.711,18.514,.1169
1,13.833,-1.707,18.566999,.11695
1,13.917,-1.702,18.621,.11699
1,14,-1.697,18.674999,.11703
1,14.083,-1.693,18.729,.11706
1,14.167,-1.689,18.783001,.1171
1,14.25,-1.684,18.836,.11712
1,14.333,-1.6799999,18.889999,.11715
1,14.417,-1.675,18.944,.11717
1,14.5,-1.671,18.997,.11719
1,14.583,-1.666,19.051001,.11721
1,14.667,-1.661,19.104,.11722
1,14.75,-1.6569999,19.158001,.11723
1,14.833,-1.652,19.211,.11724
1,14.917,-1.648,19.264,.11724
1,15,-1.643,19.316999,.11725
1,15.083,-1.6390001,19.370001,.11725
1,15.167,-1.635,19.423,.11725
1,15.25,-1.63,19.475,.11724
1,15.333,-1.626,19.528,.11724
1,15.417,-1.6210001,19.579,.11723
1,15.5,-1.617,19.632,.11722
1,15.583,-1.612,19.683001,.11721
1,15.667,-1.608,19.735001,.11719
1,15.75,-1.603,19.785999,.11718
1,15.833,-1.599,19.837,.11716
1,15.917,-1.595,19.886999,.11714
1,16,-1.59,19.938,.11712
1,16.083,-1.586,19.988001,.1171
1,16.167,-1.582,20.038,.11708
1,16.25,-1.577,20.087,.11706
1,16.333,-1.573,20.136999,.11703
1,16.417,-1.569,20.186001,.117
1,16.5,-1.564,20.233999,.11698
1,16.583,-1.5599999,20.282,.11695
1,16.667,-1.556,20.33,.11692
1,16.75,-1.551,20.378,.11689
1,16.833,-1.5470001,20.424999,.11686
1,16.917,-1.543,20.472,.11683
1,17,-1.538,20.518999,.1168
1,17.083,-1.534,20.565001,.11677
1,17.167,-1.53,20.611,.11674
1,17.25,-1.526,20.656,.1167
1,17.333,-1.521,20.702,.11667
1,17.417,-1.517,20.746,.11663
1,17.5,-1.513,20.791,.1166
1,17.583,-1.5089999,20.836,.11657
1,17.667,-1.505,20.879,.11653
1,17.75,-1.501,20.923,.11649
1,17.833,-1.4960001,20.966999,.11646
1,17.917,-1.492,21.009001,.11642
1,18,-1.488,21.052,.11639
1,18.083,-1.484,21.094999,.11635
1,18.167,-1.48,21.136,.11631
1,18.25,-1.476,21.177999,.11628
1,18.333,-1.472,21.219999,.11624
1,18.417,-1.467,21.26,.1162
1,18.5,-1.4630001,21.301001,.11617
1,18.583,-1.459,21.341999,.11613
1,18.667,-1.455,21.382,.11609
1,18.75,-1.451,21.422001,.11605
1,18.833,-1.447,21.461,.11602
1,18.917,-1.443,21.500999,.11598
1,19,-1.439,21.540001,.11594
1,19.083,-1.4349999,21.577999,.11591
1,19.167,-1.431,21.617001,.11587
1,19.25,-1.427,21.655001,.11583
1,19.333,-1.423,21.693001,.1158
1,19.417,-1.419,21.73,.11576
1,19.5,-1.415,21.768,.11572
1,19.583,-1.4119999,21.805,.11569
1,19.667,-1.408,21.841999,.11565
1,19.75,-1.404,21.878,.11561
1,19.833,-1.4,21.914,.11558
1,19.917,-1.396,21.951,.11554
1,20,-1.392,21.986,.11551
2,.03832991,.50819999,13.4501,.097410001
2,.057494868,.42629999,13.9505,.096469998
2,.076659821,.3637,14.4208,.095770001
2,.083333336,.3448,14.5679,.095559999
2,.095824778,.31240001,14.8157,.095200002
2,.11498974,.26879999,15.138,.094719999
2,.13415469,.2306,15.4063,.094310001
2,.15331964,.19660001,15.6311,.093939997
2,.16666667,.1749,15.7679,.093709998
2,.17248461,.16580001,15.8232,.093610004
2,.19164956,.13770001,15.9874,.093319997
2,.21081451,.1118,16.127701,.093039997
2,.22997947,.087700002,16.248501,.09279
2,.24914442,.065200001,16.3531,.092550002
2,.25,.064300001,16.357401,.092540003
2,.33333334,-.019099999,16.6703,.09166
2,.41666666,-.086400002,16.8386,.090960003
2,.5,-.1429,16.9083,.090360001
2,.58333331,-.19159999,16.902,.089840002
2,.66666669,-.2344,16.840401,.089390002
2,.75,-.27250001,16.740601,.088979997
2,.83333331,-.30680001,16.618401,.088610001
2,.91666669,-.33809999,16.487499,.08828
2,1,-.36669999,16.3568,.087970003
2,1.0833334,-.39320001,16.2311,.087679997
2,1.1666666,-.41769999,16.112801,.087410003
2,1.25,-.44069999,16.0028,.087159999
2,1.3333334,-.4623,15.9017,.086929999
2,1.4166666,-.48249999,15.8096,.086709999
2,1.5,-.50169998,15.7263,.086499996
2,1.5833334,-.51990002,15.6517,.086300001
2,1.6666666,-.53719997,15.5855,.086120002
2,1.75,-.55369997,15.5278,.085940003
2,1.8333334,-.56950003,15.4787,.085770003
2,1.9166666,-.58459997,15.438,.085600004
2,2,-.59890002,15.4052,.085450001
2,2,-.56840003,15.6881,.084540002
2,2.0833333,-.56840003,15.659,.084519997
2,2.1666667,-.56840003,15.6308,.084490001
2,2.25,-.56840003,15.6037,.084459998
2,2.3333333,-.56840003,15.5777,.08444
2,2.4166667,-.56840003,15.5523,.084430002
2,2.5,-.56840003,15.5276,.08444
2,2.5833333,-.56840003,15.5034,.084480003
2,2.6666667,-.56840003,15.4798,.084550001
2,2.75,-.56840003,15.4572,.08467
2,2.8333333,-.56840003,15.4356,.08484
2,2.9166667,-.56840003,15.4155,.08506
2,3,-.56840003,15.3968,.085349999
2,3.0833333,-.56840003,15.3796,.085689999
2,3.1666667,-.56840003,15.3638,.086089998
2,3.25,-.56840003,15.3493,.086539999
2,3.3333333,-.56840003,15.3358,.08704
2,3.4166667,-.56840003,15.3233,.087569997
2,3.5,-.56840003,15.3116,.088129997
2,3.5833333,-.56840003,15.3007,.088720001
2,3.6666667,-.56840003,15.2905,.089309998
2,3.75,-.56840003,15.2814,.089910001
2,3.8333333,-.56840003,15.2732,.090510003
2,3.9166667,-.56840003,15.2661,.0911
2,4,-.56840003,15.2602,.091679998
2,4,-1.151,15.656,.087279998
2,4.0830002,-1.1569999,15.639,.087700002
2,4.1669998,-1.163,15.622,.088140003
2,4.25,-1.169,15.605,.088600002
2,4.3330002,-1.175,15.589,.089060001
2,4.4169998,-1.181,15.573,.089539997
2,4.5,-1.187,15.557,.090039998
2,4.5830002,-1.193,15.542,.090539999
2,4.6669998,-1.198,15.528,.091059998
2,4.75,-1.204,15.515,.091600001
2,4.8330002,-1.209,15.503,.092139997
2,4.9169998,-1.215,15.492,.092699997
2,5,-1.22,15.483,.093259998
2,5.0830002,-1.225,15.475,.093840003
2,5.1669998,-1.2309999,15.468,.09443
2,5.25,-1.2359999,15.463,.095030002
2,5.3330002,-1.2410001,15.46,.095629998
2,5.4169998,-1.245,15.457,.096239999
2,5.5,-1.25,15.457,.096859999
2,5.5830002,-1.255,15.458,.097489998
2,5.6669998,-1.26,15.461,.098119996
2,5.75,-1.2640001,15.465,.098750003
2,5.8330002,-1.2690001,15.47,.099399999
2,5.9169998,-1.273,15.477,.10004
2,6,-1.277,15.485,.10069
2,6.0830002,-1.281,15.494,.10135
2,6.1669998,-1.286,15.506,.102
2,6.25,-1.289,15.517,.10266
2,6.3330002,-1.293,15.53,.10332
2,6.4169998,-1.2970001,15.544,.10397
2,6.5,-1.301,15.56,.10463
2,6.5830002,-1.304,15.577,.10529
2,6.6669998,-1.308,15.596,.10595
2,6.75,-1.311,15.614,.1066
2,6.8330002,-1.314,15.635,.10725
2,6.9169998,-1.317,15.656,.10789
2,7,-1.3200001,15.677,.10854
2,7.0830002,-1.323,15.7,.10918
2,7.1669998,-1.325,15.723,.10981
2,7.25,-1.3279999,15.748,.11044
2,7.3330002,-1.33,15.772,.11106
2,7.4169998,-1.332,15.798,.11167
2,7.5,-1.334,15.824,.11228
2,7.5830002,-1.336,15.85,.11288
2,7.6669998,-1.3380001,15.877,.11346
2,7.75,-1.339,15.905,.11404
2,7.8330002,-1.341,15.934,.11461
2,7.9169998,-1.342,15.963,.11517
2,8,-1.344,15.993,.11572
2,8.0830002,-1.345,16.021999,.11625
2,8.1669998,-1.345,16.054001,.11679
2,8.25,-1.346,16.084999,.1173
2,8.3330002,-1.347,16.118,.1178
2,8.4169998,-1.347,16.15,.1183
2,8.5,-1.348,16.184,.11879
2,8.5830002,-1.348,16.218,.11926
2,8.6669998,-1.348,16.253,.11972
2,8.75,-1.349,16.288,.12017
2,8.8330002,-1.349,16.323999,.1206
2,8.9169998,-1.348,16.361,.12103
2,9,-1.348,16.399,.12144
2,9.0830002,-1.348,16.437,.12185
2,9.1669998,-1.347,16.475,.12223
2,9.25,-1.347,16.514999,.12261
2,9.3330002,-1.346,16.555,.12298
2,9.4169998,-1.346,16.596001,.12333
2,9.5,-1.345,16.636999,.12367
2,9.5830002,-1.344,16.679001,.124
2,9.6669998,-1.3430001,16.722,.12432
2,9.75,-1.342,16.764999,.12462
2,9.8330002,-1.341,16.809,.12492
2,9.9169998,-1.34,16.853001,.1252
2,10,-1.339,16.898001,.12547
2,10.083,-1.3380001,16.943001,.12572999
2,10.167,-1.337,16.99,.12598
2,10.25,-1.336,17.035999,.12622
2,10.333,-1.334,17.083,.12644
2,10.417,-1.3329999,17.131001,.12666
2,10.5,-1.332,17.179001,.12687001
2,10.583,-1.33,17.226999,.12706
2,10.667,-1.329,17.277,.12725
2,10.75,-1.327,17.327,.12741999
2,10.833,-1.326,17.377001,.12759
2,10.917,-1.324,17.427,.12774
2,11,-1.322,17.478001,.12789001
2,11.083,-1.321,17.530001,.12803
2,11.167,-1.319,17.580999,.12816
2,11.25,-1.318,17.634001,.12827
2,11.333,-1.316,17.687,.12838
2,11.417,-1.314,17.739,.12849
2,11.5,-1.312,17.792999,.12858
2,11.583,-1.311,17.846001,.12865999
2,11.667,-1.309,17.9,.12875
2,11.75,-1.307,17.954,.12882
2,11.833,-1.306,18.007999,.12887999
2,11.917,-1.304,18.062,.12894
2,12,-1.302,18.117001,.12898999
2,12.083,-1.3,18.172001,.12903
2,12.167,-1.299,18.226999,.12907
2,12.25,-1.2970001,18.281,.12909999
2,12.333,-1.295,18.337,.12913001
2,12.417,-1.293,18.391001,.12915
2,12.5,-1.291,18.445999,.12917
2,12.583,-1.29,18.5,.12918
2,12.667,-1.288,18.555,.12918
2,12.75,-1.286,18.610001,.12919
2,12.833,-1.284,18.664,.12919
2,12.917,-1.283,18.718,.12918
2,13,-1.281,18.771999,.12917
2,13.083,-1.279,18.825001,.12916
2,13.167,-1.277,18.879999,.12914
2,13.25,-1.276,18.931999,.12913001
2,13.333,-1.274,18.985001,.12909999
2,13.417,-1.272,19.038,.12908
2,13.5,-1.271,19.09,.12905
2,13.583,-1.2690001,19.142,.12902001
2,13.667,-1.267,19.194,.12898999
2,13.75,-1.266,19.243999,.12895
2,13.833,-1.2640001,19.295,.12892
2,13.917,-1.262,19.344999,.12887999
2,14,-1.261,19.395,.12884
2,14.083,-1.2589999,19.445,.12879001
2,14.167,-1.258,19.493,.12875
2,14.25,-1.256,19.542,.1287
2,14.333,-1.2539999,19.589001,.12865999
2,14.417,-1.253,19.636999,.12861
2,14.5,-1.251,19.684,.12856001
2,14.583,-1.25,19.73,.12851
2,14.667,-1.248,19.775999,.12846
2,14.75,-1.247,19.822001,.1284
2,14.833,-1.245,19.865999,.12835
2,14.917,-1.244,19.910999,.1283
2,15,-1.242,19.955,.12824
2,15.083,-1.2410001,19.997999,.12819
2,15.167,-1.239,20.041,.12813
2,15.25,-1.238,20.083,.12807
2,15.333,-1.2359999,20.124001,.12802
2,15.417,-1.235,20.166,.12796
2,15.5,-1.233,20.205999,.1279
2,15.583,-1.232,20.246,.12785
2,15.667,-1.2309999,20.285,.12779
2,15.75,-1.229,20.323999,.12773
2,15.833,-1.228,20.363001,.12768
2,15.917,-1.226,20.400999,.12762
2,16,-1.225,20.438,.12757
2,16.083,-1.224,20.475,.12751
2,16.167,-1.222,20.511,.12745
2,16.25,-1.221,20.547001,.1274
2,16.333,-1.22,20.582001,.12734
2,16.417,-1.2180001,20.617001,.12729
2,16.5,-1.217,20.652,.12723
2,16.583,-1.216,20.684999,.12718
2,16.667,-1.214,20.718,.12712
2,16.75,-1.2130001,20.750999,.12706999
2,16.833,-1.212,20.783001,.12702
2,16.917,-1.21,20.816,.12695999
2,17,-1.209,20.847,.12691
2,17.083,-1.2079999,20.878,.12685999
2,17.167,-1.206,20.908001,.12681
2,17.25,-1.205,20.938,.12676001
2,17.333,-1.204,20.968,.12671
2,17.417,-1.2029999,20.997,.12666
2,17.5,-1.201,21.025999,.1266
2,17.583,-1.2,21.054001,.12656
2,17.667,-1.199,21.082001,.1265
2,17.75,-1.197,21.110001,.12646
2,17.833,-1.196,21.136999,.12640999
2,17.917,-1.1950001,21.164,.12636
2,18,-1.194,21.190001,.12631001
2,18.083,-1.193,21.216,.12627
2,18.167,-1.191,21.242001,.12622
2,18.25,-1.1900001,21.267,.12616999
2,18.333,-1.189,21.292999,.12613
2,18.417,-1.188,21.316999,.12608001
2,18.5,-1.186,21.341999,.12604
2,18.583,-1.1849999,21.365999,.126
2,18.667,-1.184,21.389999,.12594999
2,18.75,-1.183,21.413,.12591
2,18.833,-1.181,21.436001,.12587
2,18.917,-1.1799999,21.459,.12582
2,19,-1.179,21.482,.12578
2,19.083,-1.178,21.504,.12574001
2,19.167,-1.177,21.527,.1257
2,19.25,-1.175,21.548,.12566
2,19.333,-1.174,21.57,.12560999
2,19.417,-1.173,21.591,.12558
2,19.5,-1.1720001,21.612,.12554
2,19.583,-1.171,21.632999,.12549999
2,19.667,-1.169,21.653,.12546
2,19.75,-1.168,21.674,.12542
2,19.833,-1.1670001,21.695,.12537999
2,19.917,-1.166,21.715,.12534
2,20,-1.165,21.735001,.12530001
