"age_days","L","M","S","sex"
-21,1,51,0.0451,"m"
-20,1,51,0.0451,"m"
-19,1,51,0.0451,"m"
-18,1,51,0.0451,"m"
-17,1,51,0.0451,"m"
-16,1,51,0.0451,"m"
-15,1,51,0.0451,"m"
-14,1,51,0.0451,"m"
-13,1,51,0.0451,"m"
-12,1,51,0.0451,"m"
-11,1,51,0.0451,"m"
-10,1,51,0.0451,"m"
-9,1,51,0.0451,"m"
-8,1,51,0.0451,"m"
-7,1,51,0.0451,"m"
-6,1,51,0.0451,"m"
-5,1,51,0.0451,"m"
-4,1,51,0.0451,"m"
-3,1,51,0.0451,"m"
-2,1,51,0.0451,"m"
-1,1,51,0.0451,"m"
0,1,51,0.0451,"m"
1,1,51,0.0451,"m"
2,1,51,0.0451,"m"
3,1,51,0.0451,"m"
4,1,51,0.0451,"m"
5,1,51,0.0451,"m"
6,1,51,0.0451,"m"
7,1,51,0.0451,"m"
8,1,51,0.0451,"m"
9,1,51,0.0451,"m"
10,1,51,0.0451,"m"
11,1,51,0.0451,"m"
12,1,51,0.0451,"m"
13,1,51,0.0451,"m"
14,1,52.3461,0.03652,"m"
15,1,52.4978,0.03645,"m"
16,1,52.6488,0.03639,"m"
17,1,52.799,0.03633,"m"
18,1,52.9483,0.03627,"m"
19,1,53.0967,0.03621,"m"
20,1,53.2441,0.03615,"m"
21,1,53.3905,0.03609,"m"
22,1,53.536,0.03603,"m"
23,1,53.6805,0.03597,"m"
24,1,53.8239,0.03592,"m"
25,1,53.9664,0.03586,"m"
26,1,54.1079,0.03581,"m"
27,1,54.2485,0.03575,"m"
28,1,54.3881,0.0357,"m"
29,1,54.5268,0.03565,"m"
30,1,54.6645,0.03559,"m"
31,1,54.8012,0.03554,"m"
32,1,54.9368,0.03549,"m"
33,1,55.0714,0.03544,"m"
34,1,55.2049,0.03539,"m"
35,1,55.3374,0.03534,"m"
36,1,55.4688,0.03529,"m"
37,1,55.5992,0.03524,"m"
38,1,55.7285,0.0352,"m"
39,1,55.8568,0.03515,"m"
40,1,55.9841,0.0351,"m"
41,1,56.1104,0.03506,"m"
42,1,56.2357,0.03501,"m"
43,1,56.3599,0.03496,"m"
44,1,56.4833,0.03492,"m"
45,1,56.6056,0.03488,"m"
46,1,56.7269,0.03483,"m"
47,1,56.8472,0.03479,"m"
48,1,56.9666,0.03475,"m"
49,1,57.0851,0.0347,"m"
50,1,57.2026,0.03466,"m"
51,1,57.3192,0.03462,"m"
52,1,57.4349,0.03458,"m"
53,1,57.5497,0.03454,"m"
54,1,57.6637,0.0345,"m"
55,1,57.7767,0.03446,"m"
56,1,57.8889,0.03442,"m"
57,1,58.0003,0.03438,"m"
58,1,58.1109,0.03434,"m"
59,1,58.2207,0.03431,"m"
60,1,58.3299,0.03427,"m"
61,1,58.4384,0.03423,"m"
62,1,58.5463,0.0342,"m"
63,1,58.6536,0.03416,"m"
64,1,58.7603,0.03412,"m"
65,1,58.8664,0.03409,"m"
66,1,58.9718,0.03405,"m"
67,1,59.0766,0.03402,"m"
68,1,59.1808,0.03398,"m"
69,1,59.2843,0.03395,"m"
70,1,59.3872,0.03392,"m"
71,1,59.4894,0.03388,"m"
72,1,59.591,0.03385,"m"
73,1,59.692,0.03382,"m"
74,1,59.7923,0.03379,"m"
75,1,59.892,0.03375,"m"
76,1,59.991,0.03372,"m"
77,1,60.0894,0.03369,"m"
78,1,60.1872,0.03366,"m"
79,1,60.2843,0.03363,"m"
80,1,60.3808,0.0336,"m"
81,1,60.4767,0.03357,"m"
82,1,60.5719,0.03354,"m"
83,1,60.6665,0.03351,"m"
84,1,60.7605,0.03348,"m"
85,1,60.8539,0.03345,"m"
86,1,60.9466,0.03342,"m"
87,1,61.0388,0.0334,"m"
88,1,61.1303,0.03337,"m"
89,1,61.2212,0.03334,"m"
90,1,61.3115,0.03331,"m"
91,1,61.4013,0.03329,"m"
92,1,61.4904,0.03326,"m"
93,1,61.579,0.03323,"m"
94,1,61.667,0.03321,"m"
95,1,61.7543,0.03318,"m"
96,1,61.8411,0.03316,"m"
97,1,61.9274,0.03313,"m"
98,1,62.013,0.03311,"m"
99,1,62.0981,0.03308,"m"
100,1,62.1826,0.03306,"m"
101,1,62.2665,0.03303,"m"
102,1,62.3499,0.03301,"m"
103,1,62.4327,0.03298,"m"
104,1,62.5149,0.03296,"m"
105,1,62.5966,0.03294,"m"
106,1,62.6778,0.03291,"m"
107,1,62.7584,0.03289,"m"
108,1,62.8384,0.03287,"m"
109,1,62.918,0.03284,"m"
110,1,62.9969,0.03282,"m"
111,1,63.0754,0.0328,"m"
112,1,63.1533,0.03278,"m"
113,1,63.2307,0.03276,"m"
114,1,63.3076,0.03273,"m"
115,1,63.3839,0.03271,"m"
116,1,63.4598,0.03269,"m"
117,1,63.5351,0.03267,"m"
118,1,63.6099,0.03265,"m"
119,1,63.6842,0.03263,"m"
120,1,63.758,0.03261,"m"
121,1,63.8313,0.03259,"m"
122,1,63.9041,0.03257,"m"
123,1,63.9765,0.03255,"m"
124,1,64.0483,0.03253,"m"
125,1,64.1197,0.03251,"m"
126,1,64.1906,0.03249,"m"
127,1,64.261,0.03247,"m"
128,1,64.331,0.03245,"m"
129,1,64.4006,0.03243,"m"
130,1,64.4697,0.03241,"m"
131,1,64.5383,0.03239,"m"
132,1,64.6066,0.03238,"m"
133,1,64.6744,0.03236,"m"
134,1,64.7418,0.03234,"m"
135,1,64.8088,0.03232,"m"
136,1,64.8755,0.0323,"m"
137,1,64.9417,0.03229,"m"
138,1,65.0075,0.03227,"m"
139,1,65.073,0.03225,"m"
140,1,65.138,0.03223,"m"
141,1,65.2027,0.03222,"m"
142,1,65.2671,0.0322,"m"
143,1,65.331,0.03218,"m"
144,1,65.3946,0.03217,"m"
145,1,65.4579,0.03215,"m"
146,1,65.5208,0.03214,"m"
147,1,65.5834,0.03212,"m"
148,1,65.6456,0.0321,"m"
149,1,65.7075,0.03209,"m"
150,1,65.769,0.03207,"m"
151,1,65.8303,0.03206,"m"
152,1,65.8912,0.03204,"m"
153,1,65.9518,0.03203,"m"
154,1,66.0121,0.03201,"m"
155,1,66.0721,0.032,"m"
156,1,66.1317,0.03198,"m"
157,1,66.1911,0.03197,"m"
158,1,66.2502,0.03196,"m"
159,1,66.3089,0.03194,"m"
160,1,66.3674,0.03193,"m"
161,1,66.4256,0.03191,"m"
162,1,66.4835,0.0319,"m"
163,1,66.5412,0.03189,"m"
164,1,66.5985,0.03187,"m"
165,1,66.6556,0.03186,"m"
166,1,66.7125,0.03185,"m"
167,1,66.7691,0.03183,"m"
168,1,66.8254,0.03182,"m"
169,1,66.8815,0.03181,"m"
170,1,66.9373,0.0318,"m"
171,1,66.993,0.03179,"m"
172,1,67.0483,0.03177,"m"
173,1,67.1035,0.03176,"m"
174,1,67.1584,0.03175,"m"
175,1,67.2132,0.03174,"m"
176,1,67.2677,0.03173,"m"
177,1,67.3219,0.03171,"m"
178,1,67.376,0.0317,"m"
179,1,67.4299,0.03169,"m"
180,1,67.4836,0.03168,"m"
181,1,67.5371,0.03167,"m"
182,1,67.5904,0.03166,"m"
183,1,67.6435,0.03165,"m"
184,1,67.6964,0.03164,"m"
185,1,67.7491,0.03163,"m"
186,1,67.8017,0.03162,"m"
187,1,67.8541,0.03161,"m"
188,1,67.9062,0.0316,"m"
189,1,67.9583,0.03159,"m"
190,1,68.0101,0.03158,"m"
191,1,68.0618,0.03157,"m"
192,1,68.1133,0.03156,"m"
193,1,68.1647,0.03155,"m"
194,1,68.2158,0.03154,"m"
195,1,68.2669,0.03153,"m"
196,1,68.3177,0.03152,"m"
197,1,68.3685,0.03152,"m"
198,1,68.419,0.03151,"m"
199,1,68.4695,0.0315,"m"
200,1,68.5198,0.03149,"m"
201,1,68.5699,0.03148,"m"
202,1,68.6199,0.03147,"m"
203,1,68.6698,0.03147,"m"
204,1,68.7195,0.03146,"m"
205,1,68.7691,0.03145,"m"
206,1,68.8186,0.03144,"m"
207,1,68.8679,0.03144,"m"
208,1,68.9171,0.03143,"m"
209,1,68.9662,0.03142,"m"
210,1,69.0152,0.03141,"m"
211,1,69.0641,0.03141,"m"
212,1,69.1128,0.0314,"m"
213,1,69.1615,0.03139,"m"
214,1,69.21,0.03139,"m"
215,1,69.2584,0.03138,"m"
216,1,69.3067,0.03137,"m"
217,1,69.3549,0.03137,"m"
218,1,69.4031,0.03136,"m"
219,1,69.4511,0.03136,"m"
220,1,69.499,0.03135,"m"
221,1,69.5468,0.03134,"m"
222,1,69.5945,0.03134,"m"
223,1,69.6421,0.03133,"m"
224,1,69.6896,0.03133,"m"
225,1,69.737,0.03132,"m"
226,1,69.7844,0.03132,"m"
227,1,69.8316,0.03131,"m"
228,1,69.8787,0.03131,"m"
229,1,69.9258,0.0313,"m"
230,1,69.9728,0.0313,"m"
231,1,70.0197,0.03129,"m"
232,1,70.0665,0.03129,"m"
233,1,70.1132,0.03128,"m"
234,1,70.1599,0.03128,"m"
235,1,70.2064,0.03127,"m"
236,1,70.2529,0.03127,"m"
237,1,70.2994,0.03126,"m"
238,1,70.3457,0.03126,"m"
239,1,70.392,0.03126,"m"
240,1,70.4382,0.03125,"m"
241,1,70.4843,0.03125,"m"
242,1,70.5304,0.03125,"m"
243,1,70.5764,0.03124,"m"
244,1,70.6224,0.03124,"m"
245,1,70.6683,0.03123,"m"
246,1,70.7141,0.03123,"m"
247,1,70.7598,0.03123,"m"
248,1,70.8055,0.03122,"m"
249,1,70.8511,0.03122,"m"
250,1,70.8967,0.03122,"m"
251,1,70.9422,0.03122,"m"
252,1,70.9876,0.03121,"m"
253,1,71.033,0.03121,"m"
254,1,71.0783,0.03121,"m"
255,1,71.1235,0.03121,"m"
256,1,71.1687,0.0312,"m"
257,1,71.2138,0.0312,"m"
258,1,71.2589,0.0312,"m"
259,1,71.3039,0.0312,"m"
260,1,71.3488,0.03119,"m"
261,1,71.3937,0.03119,"m"
262,1,71.4385,0.03119,"m"
263,1,71.4832,0.03119,"m"
264,1,71.5279,0.03119,"m"
265,1,71.5725,0.03118,"m"
266,1,71.6171,0.03118,"m"
267,1,71.6616,0.03118,"m"
268,1,71.706,0.03118,"m"
269,1,71.7504,0.03118,"m"
270,1,71.7947,0.03118,"m"
271,1,71.839,0.03118,"m"
272,1,71.8832,0.03118,"m"
273,1,71.9273,0.03117,"m"
274,1,71.9714,0.03117,"m"
275,1,72.0154,0.03117,"m"
276,1,72.0594,0.03117,"m"
277,1,72.1033,0.03117,"m"
278,1,72.1472,0.03117,"m"
279,1,72.1909,0.03117,"m"
280,1,72.2347,0.03117,"m"
281,1,72.2783,0.03117,"m"
282,1,72.3219,0.03117,"m"
283,1,72.3655,0.03117,"m"
284,1,72.4089,0.03117,"m"
285,1,72.4523,0.03117,"m"
286,1,72.4957,0.03117,"m"
287,1,72.539,0.03117,"m"
288,1,72.5822,0.03117,"m"
289,1,72.6253,0.03117,"m"
290,1,72.6684,0.03117,"m"
291,1,72.7115,0.03117,"m"
292,1,72.7544,0.03117,"m"
293,1,72.7974,0.03117,"m"
294,1,72.8402,0.03117,"m"
295,1,72.883,0.03117,"m"
296,1,72.9257,0.03117,"m"
297,1,72.9684,0.03117,"m"
298,1,73.011,0.03117,"m"
299,1,73.0535,0.03118,"m"
300,1,73.096,0.03118,"m"
301,1,73.1384,0.03118,"m"
302,1,73.1808,0.03118,"m"
303,1,73.2231,0.03118,"m"
304,1,73.2653,0.03118,"m"
305,1,73.3075,0.03118,"m"
306,1,73.3497,0.03118,"m"
307,1,73.3917,0.03119,"m"
308,1,73.4337,0.03119,"m"
309,1,73.4757,0.03119,"m"
310,1,73.5176,0.03119,"m"
311,1,73.5594,0.03119,"m"
312,1,73.6012,0.03119,"m"
313,1,73.6429,0.0312,"m"
314,1,73.6845,0.0312,"m"
315,1,73.7261,0.0312,"m"
316,1,73.7677,0.0312,"m"
317,1,73.8091,0.0312,"m"
318,1,73.8506,0.03121,"m"
319,1,73.8919,0.03121,"m"
320,1,73.9333,0.03121,"m"
321,1,73.9745,0.03121,"m"
322,1,74.0157,0.03122,"m"
323,1,74.0569,0.03122,"m"
324,1,74.0979,0.03122,"m"
325,1,74.139,0.03122,"m"
326,1,74.18,0.03123,"m"
327,1,74.2209,0.03123,"m"
328,1,74.2618,0.03123,"m"
329,1,74.3026,0.03124,"m"
330,1,74.3433,0.03124,"m"
331,1,74.3841,0.03124,"m"
332,1,74.4247,0.03124,"m"
333,1,74.4653,0.03125,"m"
334,1,74.5059,0.03125,"m"
335,1,74.5464,0.03125,"m"
336,1,74.5868,0.03126,"m"
337,1,74.6272,0.03126,"m"
338,1,74.6676,0.03126,"m"
339,1,74.7079,0.03127,"m"
340,1,74.7481,0.03127,"m"
341,1,74.7883,0.03127,"m"
342,1,74.8285,0.03128,"m"
343,1,74.8686,0.03128,"m"
344,1,74.9086,0.03128,"m"
345,1,74.9486,0.03129,"m"
346,1,74.9886,0.03129,"m"
347,1,75.0285,0.0313,"m"
348,1,75.0683,0.0313,"m"
349,1,75.1081,0.0313,"m"
350,1,75.1479,0.03131,"m"
351,1,75.1876,0.03131,"m"
352,1,75.2273,0.03132,"m"
353,1,75.2669,0.03132,"m"
354,1,75.3065,0.03132,"m"
355,1,75.346,0.03133,"m"
356,1,75.3855,0.03133,"m"
357,1,75.425,0.03134,"m"
358,1,75.4644,0.03134,"m"
359,1,75.5037,0.03135,"m"
360,1,75.5431,0.03135,"m"
361,1,75.5824,0.03136,"m"
362,1,75.6216,0.03136,"m"
363,1,75.6608,0.03136,"m"
364,1,75.6999,0.03137,"m"
365,1,75.7391,0.03137,"m"
366,1,75.7781,0.03138,"m"
367,1,75.8172,0.03138,"m"
368,1,75.8562,0.03139,"m"
369,1,75.8951,0.03139,"m"
370,1,75.934,0.0314,"m"
371,1,75.9729,0.0314,"m"
372,1,76.0117,0.03141,"m"
373,1,76.0505,0.03141,"m"
374,1,76.0892,0.03142,"m"
375,1,76.1279,0.03142,"m"
376,1,76.1665,0.03143,"m"
377,1,76.2051,0.03143,"m"
378,1,76.2437,0.03144,"m"
379,1,76.2822,0.03144,"m"
380,1,76.3207,0.03145,"m"
381,1,76.3591,0.03146,"m"
382,1,76.3975,0.03146,"m"
383,1,76.4358,0.03147,"m"
384,1,76.4741,0.03147,"m"
385,1,76.5124,0.03148,"m"
386,1,76.5506,0.03148,"m"
387,1,76.5888,0.03149,"m"
388,1,76.6269,0.03149,"m"
389,1,76.665,0.0315,"m"
390,1,76.703,0.03151,"m"
391,1,76.741,0.03151,"m"
392,1,76.779,0.03152,"m"
393,1,76.8169,0.03152,"m"
394,1,76.8548,0.03153,"m"
395,1,76.8926,0.03154,"m"
396,1,76.9304,0.03154,"m"
397,1,76.9682,0.03155,"m"
398,1,77.0059,0.03155,"m"
399,1,77.0435,0.03156,"m"
400,1,77.0812,0.03157,"m"
401,1,77.1187,0.03157,"m"
402,1,77.1563,0.03158,"m"
403,1,77.1938,0.03159,"m"
404,1,77.2313,0.03159,"m"
405,1,77.2687,0.0316,"m"
406,1,77.306,0.0316,"m"
407,1,77.3434,0.03161,"m"
408,1,77.3807,0.03162,"m"
409,1,77.4179,0.03162,"m"
410,1,77.4551,0.03163,"m"
411,1,77.4923,0.03164,"m"
412,1,77.5295,0.03164,"m"
413,1,77.5665,0.03165,"m"
414,1,77.6036,0.03166,"m"
415,1,77.6406,0.03166,"m"
416,1,77.6776,0.03167,"m"
417,1,77.7145,0.03168,"m"
418,1,77.7514,0.03168,"m"
419,1,77.7883,0.03169,"m"
420,1,77.8251,0.0317,"m"
421,1,77.8618,0.0317,"m"
422,1,77.8986,0.03171,"m"
423,1,77.9353,0.03172,"m"
424,1,77.9719,0.03172,"m"
425,1,78.0085,0.03173,"m"
426,1,78.0451,0.03174,"m"
427,1,78.0817,0.03175,"m"
428,1,78.1182,0.03175,"m"
429,1,78.1546,0.03176,"m"
430,1,78.1911,0.03177,"m"
431,1,78.2275,0.03177,"m"
432,1,78.2638,0.03178,"m"
433,1,78.3001,0.03179,"m"
434,1,78.3364,0.0318,"m"
435,1,78.3727,0.0318,"m"
436,1,78.4089,0.03181,"m"
437,1,78.4451,0.03182,"m"
438,1,78.4812,0.03183,"m"
439,1,78.5173,0.03183,"m"
440,1,78.5534,0.03184,"m"
441,1,78.5894,0.03185,"m"
442,1,78.6254,0.03186,"m"
443,1,78.6614,0.03186,"m"
444,1,78.6973,0.03187,"m"
445,1,78.7332,0.03188,"m"
446,1,78.7691,0.03189,"m"
447,1,78.8049,0.03189,"m"
448,1,78.8407,0.0319,"m"
449,1,78.8764,0.03191,"m"
450,1,78.9122,0.03192,"m"
451,1,78.9479,0.03192,"m"
452,1,78.9835,0.03193,"m"
453,1,79.0191,0.03194,"m"
454,1,79.0547,0.03195,"m"
455,1,79.0903,0.03196,"m"
456,1,79.1258,0.03196,"m"
457,1,79.1613,0.03197,"m"
458,1,79.1968,0.03198,"m"
459,1,79.2322,0.03199,"m"
460,1,79.2676,0.032,"m"
461,1,79.303,0.032,"m"
462,1,79.3383,0.03201,"m"
463,1,79.3736,0.03202,"m"
464,1,79.4089,0.03203,"m"
465,1,79.4441,0.03204,"m"
466,1,79.4793,0.03204,"m"
467,1,79.5145,0.03205,"m"
468,1,79.5496,0.03206,"m"
469,1,79.5847,0.03207,"m"
470,1,79.6198,0.03208,"m"
471,1,79.6548,0.03209,"m"
472,1,79.6898,0.03209,"m"
473,1,79.7248,0.0321,"m"
474,1,79.7598,0.03211,"m"
475,1,79.7947,0.03212,"m"
476,1,79.8296,0.03213,"m"
477,1,79.8644,0.03214,"m"
478,1,79.8993,0.03214,"m"
479,1,79.9341,0.03215,"m"
480,1,79.9688,0.03216,"m"
481,1,80.0036,0.03217,"m"
482,1,80.0383,0.03218,"m"
483,1,80.0729,0.03219,"m"
484,1,80.1076,0.0322,"m"
485,1,80.1422,0.0322,"m"
486,1,80.1768,0.03221,"m"
487,1,80.2113,0.03222,"m"
488,1,80.2459,0.03223,"m"
489,1,80.2804,0.03224,"m"
490,1,80.3148,0.03225,"m"
491,1,80.3493,0.03226,"m"
492,1,80.3837,0.03226,"m"
493,1,80.4181,0.03227,"m"
494,1,80.4524,0.03228,"m"
495,1,80.4867,0.03229,"m"
496,1,80.521,0.0323,"m"
497,1,80.5553,0.03231,"m"
498,1,80.5895,0.03232,"m"
499,1,80.6237,0.03233,"m"
500,1,80.6578,0.03234,"m"
501,1,80.692,0.03234,"m"
502,1,80.7261,0.03235,"m"
503,1,80.7602,0.03236,"m"
504,1,80.7942,0.03237,"m"
505,1,80.8282,0.03238,"m"
506,1,80.8622,0.03239,"m"
507,1,80.8961,0.0324,"m"
508,1,80.9301,0.03241,"m"
509,1,80.964,0.03242,"m"
510,1,80.9978,0.03243,"m"
511,1,81.0317,0.03244,"m"
512,1,81.0655,0.03245,"m"
513,1,81.0992,0.03245,"m"
514,1,81.133,0.03246,"m"
515,1,81.1667,0.03247,"m"
516,1,81.2004,0.03248,"m"
517,1,81.234,0.03249,"m"
518,1,81.2677,0.0325,"m"
519,1,81.3013,0.03251,"m"
520,1,81.3348,0.03252,"m"
521,1,81.3684,0.03253,"m"
522,1,81.4019,0.03254,"m"
523,1,81.4353,0.03255,"m"
524,1,81.4688,0.03256,"m"
525,1,81.5022,0.03257,"m"
526,1,81.5356,0.03258,"m"
527,1,81.569,0.03259,"m"
528,1,81.6023,0.0326,"m"
529,1,81.6356,0.03261,"m"
530,1,81.6689,0.03261,"m"
531,1,81.7021,0.03262,"m"
532,1,81.7353,0.03263,"m"
533,1,81.7685,0.03264,"m"
534,1,81.8017,0.03265,"m"
535,1,81.8348,0.03266,"m"
536,1,81.8679,0.03267,"m"
537,1,81.9009,0.03268,"m"
538,1,81.934,0.03269,"m"
539,1,81.967,0.0327,"m"
540,1,82,0.03271,"m"
541,1,82.0329,0.03272,"m"
542,1,82.0659,0.03273,"m"
543,1,82.0987,0.03274,"m"
544,1,82.1316,0.03275,"m"
545,1,82.1644,0.03276,"m"
546,1,82.1973,0.03277,"m"
547,1,82.23,0.03278,"m"
548,1,82.2628,0.03279,"m"
549,1,82.2955,0.0328,"m"
550,1,82.3282,0.03281,"m"
551,1,82.3609,0.03282,"m"
552,1,82.3935,0.03283,"m"
553,1,82.4261,0.03284,"m"
554,1,82.4587,0.03285,"m"
555,1,82.4912,0.03286,"m"
556,1,82.5237,0.03287,"m"
557,1,82.5562,0.03288,"m"
558,1,82.5887,0.03289,"m"
559,1,82.6211,0.0329,"m"
560,1,82.6535,0.03291,"m"
561,1,82.6859,0.03292,"m"
562,1,82.7182,0.03293,"m"
563,1,82.7505,0.03294,"m"
564,1,82.7828,0.03295,"m"
565,1,82.8151,0.03296,"m"
566,1,82.8473,0.03297,"m"
567,1,82.8795,0.03298,"m"
568,1,82.9117,0.03299,"m"
569,1,82.9438,0.033,"m"
570,1,82.9759,0.03301,"m"
571,1,83.008,0.03302,"m"
572,1,83.04,0.03303,"m"
573,1,83.0721,0.03304,"m"
574,1,83.1041,0.03305,"m"
575,1,83.136,0.03306,"m"
576,1,83.168,0.03308,"m"
577,1,83.1999,0.03309,"m"
578,1,83.2318,0.0331,"m"
579,1,83.2637,0.03311,"m"
580,1,83.2955,0.03312,"m"
581,1,83.3273,0.03313,"m"
582,1,83.3591,0.03314,"m"
583,1,83.3908,0.03315,"m"
584,1,83.4226,0.03316,"m"
585,1,83.4543,0.03317,"m"
586,1,83.4859,0.03318,"m"
587,1,83.5176,0.03319,"m"
588,1,83.5492,0.0332,"m"
589,1,83.5808,0.03321,"m"
590,1,83.6124,0.03322,"m"
591,1,83.6439,0.03323,"m"
592,1,83.6754,0.03324,"m"
593,1,83.7069,0.03325,"m"
594,1,83.7384,0.03326,"m"
595,1,83.7698,0.03327,"m"
596,1,83.8012,0.03329,"m"
597,1,83.8326,0.0333,"m"
598,1,83.864,0.03331,"m"
599,1,83.8953,0.03332,"m"
600,1,83.9267,0.03333,"m"
601,1,83.9579,0.03334,"m"
602,1,83.9892,0.03335,"m"
603,1,84.0205,0.03336,"m"
604,1,84.0517,0.03337,"m"
605,1,84.0829,0.03338,"m"
606,1,84.114,0.03339,"m"
607,1,84.1452,0.0334,"m"
608,1,84.1763,0.03341,"m"
609,1,84.2074,0.03342,"m"
610,1,84.2385,0.03344,"m"
611,1,84.2695,0.03345,"m"
612,1,84.3006,0.03346,"m"
613,1,84.3316,0.03347,"m"
614,1,84.3626,0.03348,"m"
615,1,84.3935,0.03349,"m"
616,1,84.4245,0.0335,"m"
617,1,84.4554,0.03351,"m"
618,1,84.4862,0.03352,"m"
619,1,84.5171,0.03353,"m"
620,1,84.5479,0.03354,"m"
621,1,84.5787,0.03356,"m"
622,1,84.6095,0.03357,"m"
623,1,84.6403,0.03358,"m"
624,1,84.671,0.03359,"m"
625,1,84.7017,0.0336,"m"
626,1,84.7324,0.03361,"m"
627,1,84.7631,0.03362,"m"
628,1,84.7937,0.03363,"m"
629,1,84.8243,0.03364,"m"
630,1,84.8549,0.03365,"m"
631,1,84.8855,0.03367,"m"
632,1,84.916,0.03368,"m"
633,1,84.9465,0.03369,"m"
634,1,84.977,0.0337,"m"
635,1,85.0075,0.03371,"m"
636,1,85.0379,0.03372,"m"
637,1,85.0683,0.03373,"m"
638,1,85.0987,0.03374,"m"
639,1,85.1291,0.03375,"m"
640,1,85.1594,0.03377,"m"
641,1,85.1897,0.03378,"m"
642,1,85.22,0.03379,"m"
643,1,85.2503,0.0338,"m"
644,1,85.2805,0.03381,"m"
645,1,85.3108,0.03382,"m"
646,1,85.341,0.03383,"m"
647,1,85.3711,0.03384,"m"
648,1,85.4013,0.03385,"m"
649,1,85.4314,0.03387,"m"
650,1,85.4615,0.03388,"m"
651,1,85.4916,0.03389,"m"
652,1,85.5217,0.0339,"m"
653,1,85.5517,0.03391,"m"
654,1,85.5817,0.03392,"m"
655,1,85.6117,0.03393,"m"
656,1,85.6417,0.03394,"m"
657,1,85.6716,0.03396,"m"
658,1,85.7015,0.03397,"m"
659,1,85.7314,0.03398,"m"
660,1,85.7613,0.03399,"m"
661,1,85.7912,0.034,"m"
662,1,85.821,0.03401,"m"
663,1,85.8508,0.03402,"m"
664,1,85.8806,0.03404,"m"
665,1,85.9104,0.03405,"m"
666,1,85.9401,0.03406,"m"
667,1,85.9698,0.03407,"m"
668,1,85.9995,0.03408,"m"
669,1,86.0292,0.03409,"m"
670,1,86.0589,0.0341,"m"
671,1,86.0885,0.03411,"m"
672,1,86.1181,0.03413,"m"
673,1,86.1477,0.03414,"m"
674,1,86.1773,0.03415,"m"
675,1,86.2068,0.03416,"m"
676,1,86.2363,0.03417,"m"
677,1,86.2659,0.03418,"m"
678,1,86.2954,0.03419,"m"
679,1,86.3248,0.03421,"m"
680,1,86.3543,0.03422,"m"
681,1,86.3837,0.03423,"m"
682,1,86.4131,0.03424,"m"
683,1,86.4425,0.03425,"m"
684,1,86.4719,0.03426,"m"
685,1,86.5012,0.03427,"m"
686,1,86.5306,0.03429,"m"
687,1,86.5599,0.0343,"m"
688,1,86.5892,0.03431,"m"
689,1,86.6184,0.03432,"m"
690,1,86.6477,0.03433,"m"
691,1,86.6769,0.03434,"m"
692,1,86.7061,0.03435,"m"
693,1,86.7353,0.03437,"m"
694,1,86.7645,0.03438,"m"
695,1,86.7937,0.03439,"m"
696,1,86.8228,0.0344,"m"
697,1,86.8519,0.03441,"m"
698,1,86.881,0.03442,"m"
699,1,86.9101,0.03443,"m"
700,1,86.9392,0.03445,"m"
701,1,86.9682,0.03446,"m"
702,1,86.9972,0.03447,"m"
703,1,87.0262,0.03448,"m"
704,1,87.0552,0.03449,"m"
705,1,87.0842,0.0345,"m"
706,1,87.1131,0.03451,"m"
707,1,87.142,0.03453,"m"
708,1,87.1709,0.03454,"m"
709,1,87.1998,0.03455,"m"
710,1,87.2287,0.03456,"m"
711,1,87.2575,0.03457,"m"
712,1,87.2863,0.03458,"m"
713,1,87.3151,0.03459,"m"
714,1,87.3439,0.03461,"m"
715,1,87.3727,0.03462,"m"
716,1,87.4014,0.03463,"m"
717,1,87.4302,0.03464,"m"
718,1,87.4589,0.03465,"m"
719,1,87.4876,0.03466,"m"
720,1,87.5162,0.03467,"m"
721,1,87.5449,0.03469,"m"
722,1,87.5735,0.0347,"m"
723,1,87.6021,0.03471,"m"
724,1,87.6307,0.03472,"m"
725,1,87.6593,0.03473,"m"
726,1,87.6878,0.03474,"m"
727,1,87.7164,0.03475,"m"
728,1,87.7449,0.03477,"m"
729,1,87.7734,0.03478,"m"
730,1,87.8018,0.03479,"m"
-21,1,50,0.039900001,"f"
-20,1,50,0.039900001,"f"
-19,1,50,0.039900001,"f"
-18,1,50,0.039900001,"f"
-17,1,50,0.039900001,"f"
-16,1,50,0.039900001,"f"
-15,1,50,0.039900001,"f"
-14,1,50,0.039900001,"f"
-13,1,50,0.039900001,"f"
-12,1,50,0.039900001,"f"
-11,1,50,0.039900001,"f"
-10,1,50,0.039900001,"f"
-9,1,50,0.039900001,"f"
-8,1,50,0.039900001,"f"
-7,1,50,0.039900001,"f"
-6,1,50,0.039900001,"f"
-5,1,50,0.039900001,"f"
-4,1,50,0.039900001,"f"
-3,1,50,0.039900001,"f"
-2,1,50,0.039900001,"f"
-1,1,50,0.039900001,"f"
0,1,50,0.039900001,"f"
1,1,50,0.039900001,"f"
2,1,50,0.039900001,"f"
3,1,50,0.039900001,"f"
4,1,50,0.039900001,"f"
5,1,50,0.039900001,"f"
6,1,50,0.039900001,"f"
7,1,50,0.039900001,"f"
8,1,50,0.039900001,"f"
9,1,50,0.039900001,"f"
10,1,50,0.039900001,"f"
11,1,50,0.039900001,"f"
12,1,50,0.039900001,"f"
13,1,50,0.039900001,"f"
14,1,51.512,0.03694,"f"
15,1,51.651,0.0369,"f"
16,1,51.7895,0.03687,"f"
17,1,51.9272,0.03683,"f"
18,1,52.0641,0.0368,"f"
19,1,52.2002,0.03676,"f"
20,1,52.3353,0.03673,"f"
21,1,52.4695,0.03669,"f"
22,1,52.6027,0.03666,"f"
23,1,52.7349,0.03663,"f"
24,1,52.8661,0.0366,"f"
25,1,52.9963,0.03656,"f"
26,1,53.1255,0.03653,"f"
27,1,53.2537,0.0365,"f"
28,1,53.3809,0.03647,"f"
29,1,53.5072,0.03644,"f"
30,1,53.6326,0.03641,"f"
31,1,53.7571,0.03638,"f"
32,1,53.8806,0.03636,"f"
33,1,54.0031,0.03633,"f"
34,1,54.1247,0.0363,"f"
35,1,54.2454,0.03627,"f"
36,1,54.3651,0.03625,"f"
37,1,54.4839,0.03622,"f"
38,1,54.6018,0.03619,"f"
39,1,54.7187,0.03617,"f"
40,1,54.8348,0.03614,"f"
41,1,54.9499,0.03612,"f"
42,1,55.0642,0.03609,"f"
43,1,55.1777,0.03607,"f"
44,1,55.2903,0.03604,"f"
45,1,55.4021,0.03602,"f"
46,1,55.513,0.036,"f"
47,1,55.623,0.03597,"f"
48,1,55.7322,0.03595,"f"
49,1,55.8406,0.03593,"f"
50,1,55.9482,0.03591,"f"
51,1,56.0549,0.03588,"f"
52,1,56.1609,0.03586,"f"
53,1,56.266,0.03584,"f"
54,1,56.3704,0.03582,"f"
55,1,56.4739,0.0358,"f"
56,1,56.5767,0.03578,"f"
57,1,56.6788,0.03576,"f"
58,1,56.78,0.03574,"f"
59,1,56.8806,0.03572,"f"
60,1,56.9805,0.0357,"f"
61,1,57.0796,0.03568,"f"
62,1,57.1782,0.03566,"f"
63,1,57.2761,0.03564,"f"
64,1,57.3733,0.03562,"f"
65,1,57.4699,0.03561,"f"
66,1,57.5659,0.03559,"f"
67,1,57.6613,0.03557,"f"
68,1,57.756,0.03555,"f"
69,1,57.8501,0.03553,"f"
70,1,57.9436,0.03552,"f"
71,1,58.0365,0.0355,"f"
72,1,58.1288,0.03548,"f"
73,1,58.2206,0.03547,"f"
74,1,58.3117,0.03545,"f"
75,1,58.4022,0.03543,"f"
76,1,58.4922,0.03542,"f"
77,1,58.5816,0.0354,"f"
78,1,58.6705,0.03539,"f"
79,1,58.7588,0.03537,"f"
80,1,58.8465,0.03536,"f"
81,1,58.9337,0.03534,"f"
82,1,59.0204,0.03533,"f"
83,1,59.1066,0.03531,"f"
84,1,59.1922,0.0353,"f"
85,1,59.2773,0.03528,"f"
86,1,59.3619,0.03527,"f"
87,1,59.4459,0.03526,"f"
88,1,59.5295,0.03524,"f"
89,1,59.6126,0.03523,"f"
90,1,59.6952,0.03521,"f"
91,1,59.7773,0.0352,"f"
92,1,59.8589,0.03519,"f"
93,1,59.9401,0.03517,"f"
94,1,60.0209,0.03516,"f"
95,1,60.1011,0.03515,"f"
96,1,60.181,0.03514,"f"
97,1,60.2603,0.03512,"f"
98,1,60.3393,0.03511,"f"
99,1,60.4178,0.0351,"f"
100,1,60.4958,0.03509,"f"
101,1,60.5734,0.03508,"f"
102,1,60.6506,0.03506,"f"
103,1,60.7273,0.03505,"f"
104,1,60.8036,0.03504,"f"
105,1,60.8795,0.03503,"f"
106,1,60.955,0.03502,"f"
107,1,61.0301,0.03501,"f"
108,1,61.1047,0.035,"f"
109,1,61.1789,0.03499,"f"
110,1,61.2527,0.03497,"f"
111,1,61.3261,0.03496,"f"
112,1,61.3991,0.03495,"f"
113,1,61.4717,0.03494,"f"
114,1,61.5439,0.03493,"f"
115,1,61.6156,0.03492,"f"
116,1,61.687,0.03491,"f"
117,1,61.758,0.0349,"f"
118,1,61.8286,0.03489,"f"
119,1,61.8988,0.03488,"f"
120,1,61.9686,0.03487,"f"
121,1,62.0381,0.03487,"f"
122,1,62.1071,0.03486,"f"
123,1,62.1758,0.03485,"f"
124,1,62.2441,0.03484,"f"
125,1,62.312,0.03483,"f"
126,1,62.3795,0.03482,"f"
127,1,62.4467,0.03481,"f"
128,1,62.5135,0.0348,"f"
129,1,62.58,0.03479,"f"
130,1,62.6461,0.03479,"f"
131,1,62.7118,0.03478,"f"
132,1,62.7772,0.03477,"f"
133,1,62.8423,0.03476,"f"
134,1,62.907,0.03475,"f"
135,1,62.9714,0.03475,"f"
136,1,63.0354,0.03474,"f"
137,1,63.0991,0.03473,"f"
138,1,63.1626,0.03472,"f"
139,1,63.2257,0.03471,"f"
140,1,63.2884,0.03471,"f"
141,1,63.3509,0.0347,"f"
142,1,63.4131,0.03469,"f"
143,1,63.475,0.03469,"f"
144,1,63.5365,0.03468,"f"
145,1,63.5978,0.03467,"f"
146,1,63.6588,0.03467,"f"
147,1,63.7196,0.03466,"f"
148,1,63.78,0.03465,"f"
149,1,63.8402,0.03465,"f"
150,1,63.9,0.03464,"f"
151,1,63.9597,0.03463,"f"
152,1,64.019,0.03463,"f"
153,1,64.0781,0.03462,"f"
154,1,64.137,0.03461,"f"
155,1,64.1956,0.03461,"f"
156,1,64.2539,0.0346,"f"
157,1,64.312,0.0346,"f"
158,1,64.3699,0.03459,"f"
159,1,64.4276,0.03459,"f"
160,1,64.485,0.03458,"f"
161,1,64.5422,0.03457,"f"
162,1,64.5991,0.03457,"f"
163,1,64.6559,0.03456,"f"
164,1,64.7124,0.03456,"f"
165,1,64.7688,0.03455,"f"
166,1,64.8249,0.03455,"f"
167,1,64.8808,0.03454,"f"
168,1,64.9366,0.03454,"f"
169,1,64.9921,0.03453,"f"
170,1,65.0474,0.03453,"f"
171,1,65.1026,0.03453,"f"
172,1,65.1576,0.03452,"f"
173,1,65.2123,0.03452,"f"
174,1,65.267,0.03451,"f"
175,1,65.3214,0.03451,"f"
176,1,65.3757,0.0345,"f"
177,1,65.4298,0.0345,"f"
178,1,65.4837,0.0345,"f"
179,1,65.5375,0.03449,"f"
180,1,65.5911,0.03449,"f"
181,1,65.6445,0.03449,"f"
182,1,65.6978,0.03448,"f"
183,1,65.751,0.03448,"f"
184,1,65.804,0.03447,"f"
185,1,65.8568,0.03447,"f"
186,1,65.9095,0.03447,"f"
187,1,65.9621,0.03447,"f"
188,1,66.0145,0.03446,"f"
189,1,66.0668,0.03446,"f"
190,1,66.1189,0.03446,"f"
191,1,66.1709,0.03445,"f"
192,1,66.2228,0.03445,"f"
193,1,66.2745,0.03445,"f"
194,1,66.3261,0.03444,"f"
195,1,66.3776,0.03444,"f"
196,1,66.429,0.03444,"f"
197,1,66.4802,0.03444,"f"
198,1,66.5313,0.03444,"f"
199,1,66.5823,0.03443,"f"
200,1,66.6331,0.03443,"f"
201,1,66.6839,0.03443,"f"
202,1,66.7345,0.03443,"f"
203,1,66.785,0.03442,"f"
204,1,66.8354,0.03442,"f"
205,1,66.8857,0.03442,"f"
206,1,66.9359,0.03442,"f"
207,1,66.9859,0.03442,"f"
208,1,67.0359,0.03442,"f"
209,1,67.0858,0.03441,"f"
210,1,67.1355,0.03441,"f"
211,1,67.1852,0.03441,"f"
212,1,67.2347,0.03441,"f"
213,1,67.2842,0.03441,"f"
214,1,67.3335,0.03441,"f"
215,1,67.3828,0.03441,"f"
216,1,67.432,0.03441,"f"
217,1,67.481,0.0344,"f"
218,1,67.53,0.0344,"f"
219,1,67.5789,0.0344,"f"
220,1,67.6277,0.0344,"f"
221,1,67.6764,0.0344,"f"
222,1,67.725,0.0344,"f"
223,1,67.7735,0.0344,"f"
224,1,67.8219,0.0344,"f"
225,1,67.8703,0.0344,"f"
226,1,67.9185,0.0344,"f"
227,1,67.9667,0.0344,"f"
228,1,68.0148,0.0344,"f"
229,1,68.0628,0.0344,"f"
230,1,68.1107,0.0344,"f"
231,1,68.1585,0.0344,"f"
232,1,68.2063,0.0344,"f"
233,1,68.254,0.0344,"f"
234,1,68.3016,0.0344,"f"
235,1,68.3491,0.0344,"f"
236,1,68.3965,0.0344,"f"
237,1,68.4439,0.0344,"f"
238,1,68.4911,0.0344,"f"
239,1,68.5383,0.0344,"f"
240,1,68.5855,0.0344,"f"
241,1,68.6325,0.0344,"f"
242,1,68.6795,0.0344,"f"
243,1,68.7264,0.0344,"f"
244,1,68.7732,0.0344,"f"
245,1,68.82,0.0344,"f"
246,1,68.8666,0.0344,"f"
247,1,68.9133,0.0344,"f"
248,1,68.9598,0.0344,"f"
249,1,69.0063,0.0344,"f"
250,1,69.0527,0.0344,"f"
251,1,69.099,0.03441,"f"
252,1,69.1452,0.03441,"f"
253,1,69.1914,0.03441,"f"
254,1,69.2376,0.03441,"f"
255,1,69.2836,0.03441,"f"
256,1,69.3296,0.03441,"f"
257,1,69.3755,0.03441,"f"
258,1,69.4214,0.03441,"f"
259,1,69.4672,0.03441,"f"
260,1,69.5129,0.03442,"f"
261,1,69.5585,0.03442,"f"
262,1,69.6041,0.03442,"f"
263,1,69.6496,0.03442,"f"
264,1,69.6951,0.03442,"f"
265,1,69.7405,0.03442,"f"
266,1,69.7858,0.03443,"f"
267,1,69.8311,0.03443,"f"
268,1,69.8763,0.03443,"f"
269,1,69.9215,0.03443,"f"
270,1,69.9666,0.03443,"f"
271,1,70.0116,0.03444,"f"
272,1,70.0566,0.03444,"f"
273,1,70.1015,0.03444,"f"
274,1,70.1463,0.03444,"f"
275,1,70.1911,0.03444,"f"
276,1,70.2358,0.03445,"f"
277,1,70.2805,0.03445,"f"
278,1,70.3251,0.03445,"f"
279,1,70.3697,0.03445,"f"
280,1,70.4142,0.03445,"f"
281,1,70.4586,0.03446,"f"
282,1,70.503,0.03446,"f"
283,1,70.5474,0.03446,"f"
284,1,70.5917,0.03446,"f"
285,1,70.6359,0.03447,"f"
286,1,70.68,0.03447,"f"
287,1,70.7241,0.03447,"f"
288,1,70.7682,0.03448,"f"
289,1,70.8122,0.03448,"f"
290,1,70.8561,0.03448,"f"
291,1,70.9,0.03448,"f"
292,1,70.9439,0.03449,"f"
293,1,70.9876,0.03449,"f"
294,1,71.0314,0.03449,"f"
295,1,71.075,0.0345,"f"
296,1,71.1187,0.0345,"f"
297,1,71.1622,0.0345,"f"
298,1,71.2057,0.0345,"f"
299,1,71.2492,0.03451,"f"
300,1,71.2926,0.03451,"f"
301,1,71.3359,0.03451,"f"
302,1,71.3792,0.03452,"f"
303,1,71.4224,0.03452,"f"
304,1,71.4656,0.03452,"f"
305,1,71.5088,0.03453,"f"
306,1,71.5518,0.03453,"f"
307,1,71.5949,0.03453,"f"
308,1,71.6378,0.03454,"f"
309,1,71.6808,0.03454,"f"
310,1,71.7236,0.03454,"f"
311,1,71.7664,0.03455,"f"
312,1,71.8092,0.03455,"f"
313,1,71.8519,0.03456,"f"
314,1,71.8946,0.03456,"f"
315,1,71.9372,0.03456,"f"
316,1,71.9798,0.03457,"f"
317,1,72.0223,0.03457,"f"
318,1,72.0647,0.03457,"f"
319,1,72.1071,0.03458,"f"
320,1,72.1495,0.03458,"f"
321,1,72.1918,0.03459,"f"
322,1,72.234,0.03459,"f"
323,1,72.2762,0.03459,"f"
324,1,72.3184,0.0346,"f"
325,1,72.3605,0.0346,"f"
326,1,72.4025,0.03461,"f"
327,1,72.4445,0.03461,"f"
328,1,72.4865,0.03461,"f"
329,1,72.5284,0.03462,"f"
330,1,72.5702,0.03462,"f"
331,1,72.612,0.03463,"f"
332,1,72.6538,0.03463,"f"
333,1,72.6955,0.03464,"f"
334,1,72.7372,0.03464,"f"
335,1,72.7788,0.03464,"f"
336,1,72.8203,0.03465,"f"
337,1,72.8618,0.03465,"f"
338,1,72.9033,0.03466,"f"
339,1,72.9447,0.03466,"f"
340,1,72.9861,0.03467,"f"
341,1,73.0274,0.03467,"f"
342,1,73.0686,0.03468,"f"
343,1,73.1099,0.03468,"f"
344,1,73.151,0.03469,"f"
345,1,73.1922,0.03469,"f"
346,1,73.2332,0.03469,"f"
347,1,73.2743,0.0347,"f"
348,1,73.3152,0.0347,"f"
349,1,73.3562,0.03471,"f"
350,1,73.3971,0.03471,"f"
351,1,73.4379,0.03472,"f"
352,1,73.4787,0.03472,"f"
353,1,73.5195,0.03473,"f"
354,1,73.5602,0.03473,"f"
355,1,73.6008,0.03474,"f"
356,1,73.6414,0.03474,"f"
357,1,73.682,0.03475,"f"
358,1,73.7225,0.03475,"f"
359,1,73.763,0.03476,"f"
360,1,73.8034,0.03476,"f"
361,1,73.8438,0.03477,"f"
362,1,73.8842,0.03477,"f"
363,1,73.9245,0.03478,"f"
364,1,73.9647,0.03478,"f"
365,1,74.0049,0.03479,"f"
366,1,74.0451,0.03479,"f"
367,1,74.0852,0.0348,"f"
368,1,74.1253,0.0348,"f"
369,1,74.1653,0.03481,"f"
370,1,74.2053,0.03482,"f"
371,1,74.2452,0.03482,"f"
372,1,74.2851,0.03483,"f"
373,1,74.325,0.03483,"f"
374,1,74.3648,0.03484,"f"
375,1,74.4045,0.03484,"f"
376,1,74.4443,0.03485,"f"
377,1,74.4839,0.03485,"f"
378,1,74.5236,0.03486,"f"
379,1,74.5632,0.03486,"f"
380,1,74.6027,0.03487,"f"
381,1,74.6422,0.03488,"f"
382,1,74.6817,0.03488,"f"
383,1,74.7211,0.03489,"f"
384,1,74.7605,0.03489,"f"
385,1,74.7998,0.0349,"f"
386,1,74.8391,0.0349,"f"
387,1,74.8784,0.03491,"f"
388,1,74.9176,0.03491,"f"
389,1,74.9567,0.03492,"f"
390,1,74.9959,0.03493,"f"
391,1,75.0349,0.03493,"f"
392,1,75.074,0.03494,"f"
393,1,75.113,0.03494,"f"
394,1,75.1519,0.03495,"f"
395,1,75.1908,0.03495,"f"
396,1,75.2297,0.03496,"f"
397,1,75.2686,0.03497,"f"
398,1,75.3073,0.03497,"f"
399,1,75.3461,0.03498,"f"
400,1,75.3848,0.03498,"f"
401,1,75.4235,0.03499,"f"
402,1,75.4621,0.035,"f"
403,1,75.5007,0.035,"f"
404,1,75.5392,0.03501,"f"
405,1,75.5777,0.03501,"f"
406,1,75.6162,0.03502,"f"
407,1,75.6546,0.03503,"f"
408,1,75.693,0.03503,"f"
409,1,75.7313,0.03504,"f"
410,1,75.7696,0.03504,"f"
411,1,75.8079,0.03505,"f"
412,1,75.8461,0.03506,"f"
413,1,75.8843,0.03506,"f"
414,1,75.9224,0.03507,"f"
415,1,75.9605,0.03507,"f"
416,1,75.9986,0.03508,"f"
417,1,76.0366,0.03509,"f"
418,1,76.0746,0.03509,"f"
419,1,76.1125,0.0351,"f"
420,1,76.1504,0.03511,"f"
421,1,76.1883,0.03511,"f"
422,1,76.2261,0.03512,"f"
423,1,76.2639,0.03512,"f"
424,1,76.3016,0.03513,"f"
425,1,76.3393,0.03514,"f"
426,1,76.377,0.03514,"f"
427,1,76.4146,0.03515,"f"
428,1,76.4522,0.03516,"f"
429,1,76.4897,0.03516,"f"
430,1,76.5272,0.03517,"f"
431,1,76.5647,0.03518,"f"
432,1,76.6021,0.03518,"f"
433,1,76.6395,0.03519,"f"
434,1,76.6769,0.03519,"f"
435,1,76.7142,0.0352,"f"
436,1,76.7515,0.03521,"f"
437,1,76.7887,0.03521,"f"
438,1,76.8259,0.03522,"f"
439,1,76.8631,0.03523,"f"
440,1,76.9002,0.03523,"f"
441,1,76.9373,0.03524,"f"
442,1,76.9744,0.03525,"f"
443,1,77.0114,0.03525,"f"
444,1,77.0484,0.03526,"f"
445,1,77.0853,0.03527,"f"
446,1,77.1222,0.03527,"f"
447,1,77.1591,0.03528,"f"
448,1,77.1959,0.03529,"f"
449,1,77.2327,0.03529,"f"
450,1,77.2695,0.0353,"f"
451,1,77.3062,0.0353,"f"
452,1,77.3429,0.03531,"f"
453,1,77.3796,0.03532,"f"
454,1,77.4162,0.03532,"f"
455,1,77.4528,0.03533,"f"
456,1,77.4893,0.03534,"f"
457,1,77.5258,0.03534,"f"
458,1,77.5623,0.03535,"f"
459,1,77.5988,0.03536,"f"
460,1,77.6352,0.03536,"f"
461,1,77.6716,0.03537,"f"
462,1,77.7079,0.03538,"f"
463,1,77.7442,0.03538,"f"
464,1,77.7805,0.03539,"f"
465,1,77.8167,0.0354,"f"
466,1,77.8529,0.0354,"f"
467,1,77.8891,0.03541,"f"
468,1,77.9252,0.03542,"f"
469,1,77.9613,0.03543,"f"
470,1,77.9974,0.03543,"f"
471,1,78.0334,0.03544,"f"
472,1,78.0694,0.03545,"f"
473,1,78.1054,0.03545,"f"
474,1,78.1413,0.03546,"f"
475,1,78.1772,0.03547,"f"
476,1,78.2131,0.03547,"f"
477,1,78.249,0.03548,"f"
478,1,78.2848,0.03549,"f"
479,1,78.3205,0.03549,"f"
480,1,78.3563,0.0355,"f"
481,1,78.392,0.03551,"f"
482,1,78.4276,0.03551,"f"
483,1,78.4633,0.03552,"f"
484,1,78.4989,0.03553,"f"
485,1,78.5345,0.03553,"f"
486,1,78.57,0.03554,"f"
487,1,78.6055,0.03555,"f"
488,1,78.641,0.03556,"f"
489,1,78.6764,0.03556,"f"
490,1,78.7118,0.03557,"f"
491,1,78.7472,0.03558,"f"
492,1,78.7826,0.03558,"f"
493,1,78.8179,0.03559,"f"
494,1,78.8532,0.0356,"f"
495,1,78.8884,0.0356,"f"
496,1,78.9236,0.03561,"f"
497,1,78.9588,0.03562,"f"
498,1,78.994,0.03562,"f"
499,1,79.0291,0.03563,"f"
500,1,79.0642,0.03564,"f"
501,1,79.0993,0.03565,"f"
502,1,79.1343,0.03565,"f"
503,1,79.1693,0.03566,"f"
504,1,79.2042,0.03567,"f"
505,1,79.2392,0.03567,"f"
506,1,79.2741,0.03568,"f"
507,1,79.3089,0.03569,"f"
508,1,79.3438,0.03569,"f"
509,1,79.3786,0.0357,"f"
510,1,79.4134,0.03571,"f"
511,1,79.4481,0.03572,"f"
512,1,79.4828,0.03572,"f"
513,1,79.5175,0.03573,"f"
514,1,79.5521,0.03574,"f"
515,1,79.5868,0.03574,"f"
516,1,79.6213,0.03575,"f"
517,1,79.6559,0.03576,"f"
518,1,79.6904,0.03577,"f"
519,1,79.7249,0.03577,"f"
520,1,79.7594,0.03578,"f"
521,1,79.7938,0.03579,"f"
522,1,79.8282,0.03579,"f"
523,1,79.8626,0.0358,"f"
524,1,79.8969,0.03581,"f"
525,1,79.9312,0.03582,"f"
526,1,79.9655,0.03582,"f"
527,1,79.9998,0.03583,"f"
528,1,80.034,0.03584,"f"
529,1,80.0682,0.03584,"f"
530,1,80.1023,0.03585,"f"
531,1,80.1365,0.03586,"f"
532,1,80.1706,0.03587,"f"
533,1,80.2046,0.03587,"f"
534,1,80.2387,0.03588,"f"
535,1,80.2727,0.03589,"f"
536,1,80.3067,0.03589,"f"
537,1,80.3406,0.0359,"f"
538,1,80.3745,0.03591,"f"
539,1,80.4084,0.03592,"f"
540,1,80.4423,0.03592,"f"
541,1,80.4761,0.03593,"f"
542,1,80.5099,0.03594,"f"
543,1,80.5437,0.03594,"f"
544,1,80.5774,0.03595,"f"
545,1,80.6112,0.03596,"f"
546,1,80.6448,0.03597,"f"
547,1,80.6785,0.03597,"f"
548,1,80.7121,0.03598,"f"
549,1,80.7457,0.03599,"f"
550,1,80.7793,0.036,"f"
551,1,80.8128,0.036,"f"
552,1,80.8464,0.03601,"f"
553,1,80.8798,0.03602,"f"
554,1,80.9133,0.03602,"f"
555,1,80.9467,0.03603,"f"
556,1,80.9801,0.03604,"f"
557,1,81.0135,0.03605,"f"
558,1,81.0468,0.03605,"f"
559,1,81.0802,0.03606,"f"
560,1,81.1134,0.03607,"f"
561,1,81.1467,0.03608,"f"
562,1,81.1799,0.03608,"f"
563,1,81.2131,0.03609,"f"
564,1,81.2463,0.0361,"f"
565,1,81.2795,0.03611,"f"
566,1,81.3126,0.03611,"f"
567,1,81.3457,0.03612,"f"
568,1,81.3788,0.03613,"f"
569,1,81.4118,0.03613,"f"
570,1,81.4448,0.03614,"f"
571,1,81.4778,0.03615,"f"
572,1,81.5108,0.03616,"f"
573,1,81.5437,0.03616,"f"
574,1,81.5766,0.03617,"f"
575,1,81.6095,0.03618,"f"
576,1,81.6423,0.03619,"f"
577,1,81.6752,0.03619,"f"
578,1,81.708,0.0362,"f"
579,1,81.7407,0.03621,"f"
580,1,81.7735,0.03622,"f"
581,1,81.8062,0.03622,"f"
582,1,81.8389,0.03623,"f"
583,1,81.8715,0.03624,"f"
584,1,81.9042,0.03624,"f"
585,1,81.9368,0.03625,"f"
586,1,81.9694,0.03626,"f"
587,1,82.0019,0.03627,"f"
588,1,82.0345,0.03627,"f"
589,1,82.067,0.03628,"f"
590,1,82.0994,0.03629,"f"
591,1,82.1319,0.0363,"f"
592,1,82.1643,0.0363,"f"
593,1,82.1967,0.03631,"f"
594,1,82.2291,0.03632,"f"
595,1,82.2614,0.03633,"f"
596,1,82.2938,0.03633,"f"
597,1,82.3261,0.03634,"f"
598,1,82.3583,0.03635,"f"
599,1,82.3906,0.03636,"f"
600,1,82.4228,0.03636,"f"
601,1,82.455,0.03637,"f"
602,1,82.4872,0.03638,"f"
603,1,82.5193,0.03639,"f"
604,1,82.5514,0.03639,"f"
605,1,82.5835,0.0364,"f"
606,1,82.6156,0.03641,"f"
607,1,82.6476,0.03642,"f"
608,1,82.6796,0.03642,"f"
609,1,82.7116,0.03643,"f"
610,1,82.7436,0.03644,"f"
611,1,82.7755,0.03645,"f"
612,1,82.8074,0.03645,"f"
613,1,82.8393,0.03646,"f"
614,1,82.8712,0.03647,"f"
615,1,82.903,0.03648,"f"
616,1,82.9348,0.03648,"f"
617,1,82.9666,0.03649,"f"
618,1,82.9984,0.0365,"f"
619,1,83.0301,0.0365,"f"
620,1,83.0618,0.03651,"f"
621,1,83.0935,0.03652,"f"
622,1,83.1251,0.03653,"f"
623,1,83.1568,0.03653,"f"
624,1,83.1884,0.03654,"f"
625,1,83.22,0.03655,"f"
626,1,83.2515,0.03656,"f"
627,1,83.2831,0.03656,"f"
628,1,83.3146,0.03657,"f"
629,1,83.3461,0.03658,"f"
630,1,83.3775,0.03659,"f"
631,1,83.4089,0.03659,"f"
632,1,83.4403,0.0366,"f"
633,1,83.4717,0.03661,"f"
634,1,83.5031,0.03662,"f"
635,1,83.5344,0.03662,"f"
636,1,83.5657,0.03663,"f"
637,1,83.597,0.03664,"f"
638,1,83.6283,0.03665,"f"
639,1,83.6595,0.03665,"f"
640,1,83.6907,0.03666,"f"
641,1,83.7219,0.03667,"f"
642,1,83.753,0.03668,"f"
643,1,83.7842,0.03668,"f"
644,1,83.8153,0.03669,"f"
645,1,83.8464,0.0367,"f"
646,1,83.8774,0.03671,"f"
647,1,83.9085,0.03671,"f"
648,1,83.9395,0.03672,"f"
649,1,83.9705,0.03673,"f"
650,1,84.0014,0.03674,"f"
651,1,84.0324,0.03674,"f"
652,1,84.0633,0.03675,"f"
653,1,84.0941,0.03676,"f"
654,1,84.125,0.03677,"f"
655,1,84.1558,0.03677,"f"
656,1,84.1867,0.03678,"f"
657,1,84.2174,0.03679,"f"
658,1,84.2482,0.0368,"f"
659,1,84.2789,0.0368,"f"
660,1,84.3096,0.03681,"f"
661,1,84.3403,0.03682,"f"
662,1,84.371,0.03683,"f"
663,1,84.4016,0.03683,"f"
664,1,84.4323,0.03684,"f"
665,1,84.4628,0.03685,"f"
666,1,84.4934,0.03686,"f"
667,1,84.5239,0.03686,"f"
668,1,84.5545,0.03687,"f"
669,1,84.585,0.03688,"f"
670,1,84.6154,0.03689,"f"
671,1,84.6459,0.03689,"f"
672,1,84.6763,0.0369,"f"
673,1,84.7067,0.03691,"f"
674,1,84.737,0.03692,"f"
675,1,84.7674,0.03692,"f"
676,1,84.7977,0.03693,"f"
677,1,84.828,0.03694,"f"
678,1,84.8583,0.03695,"f"
679,1,84.8885,0.03695,"f"
680,1,84.9188,0.03696,"f"
681,1,84.949,0.03697,"f"
682,1,84.9791,0.03698,"f"
683,1,85.0093,0.03698,"f"
684,1,85.0394,0.03699,"f"
685,1,85.0695,0.037,"f"
686,1,85.0996,0.03701,"f"
687,1,85.1297,0.03701,"f"
688,1,85.1597,0.03702,"f"
689,1,85.1897,0.03703,"f"
690,1,85.2197,0.03704,"f"
691,1,85.2497,0.03704,"f"
692,1,85.2796,0.03705,"f"
693,1,85.3096,0.03706,"f"
694,1,85.3395,0.03706,"f"
695,1,85.3693,0.03707,"f"
696,1,85.3992,0.03708,"f"
697,1,85.429,0.03709,"f"
698,1,85.4588,0.03709,"f"
699,1,85.4886,0.0371,"f"
700,1,85.5184,0.03711,"f"
701,1,85.5481,0.03712,"f"
702,1,85.5778,0.03712,"f"
703,1,85.6075,0.03713,"f"
704,1,85.6372,0.03714,"f"
705,1,85.6668,0.03715,"f"
706,1,85.6964,0.03715,"f"
707,1,85.726,0.03716,"f"
708,1,85.7556,0.03717,"f"
709,1,85.7852,0.03718,"f"
710,1,85.8147,0.03718,"f"
711,1,85.8442,0.03719,"f"
712,1,85.8737,0.0372,"f"
713,1,85.9032,0.03721,"f"
714,1,85.9326,0.03721,"f"
715,1,85.9621,0.03722,"f"
716,1,85.9915,0.03723,"f"
717,1,86.0208,0.03724,"f"
718,1,86.0502,0.03724,"f"
719,1,86.0795,0.03725,"f"
720,1,86.1089,0.03726,"f"
721,1,86.1381,0.03727,"f"
722,1,86.1674,0.03727,"f"
723,1,86.1967,0.03728,"f"
724,1,86.2259,0.03729,"f"
725,1,86.2551,0.03729,"f"
726,1,86.2843,0.0373,"f"
727,1,86.3134,0.03731,"f"
728,1,86.3426,0.03732,"f"
729,1,86.3717,0.03732,"f"
730,1,86.4008,0.03733,"f"
